ID;Vyrobce;Model;Typ;Puvod;Nahon;Cena_prodej;Cena_autosalon;Motor;Valce;Horsepower;Mesto_MPG;Dalnice_MPG;Vaha;Delka
1;Acura;MDX;SUV;Asia;All;36,9;33,3;3,5;6,0;265,0;17,0;23,0;4451,0;189,0
2;Acura;RSX Type S 2dr;Sedan;Asia;Front;23,8;21,8;2,0;4,0;200,0;24,0;31,0;2778,0;172,0
3;Acura;TSX 4dr;Sedan;Asia;Front;27,0;24,6;2,4;4,0;200,0;22,0;29,0;3230,0;183,0
4;Acura;TL 4dr;Sedan;Asia;Front;33,2;30,3;3,2;6,0;270,0;20,0;28,0;3575,0;186,0
5;Acura;3.5 RL 4dr;Sedan;Asia;Front;43,8;39,0;3,5;6,0;225,0;18,0;24,0;3880,0;197,0
6;Acura;3.5 RL w/Navigation 4dr;Sedan;Asia;Front;46,1;41,1;3,5;6,0;225,0;18,0;24,0;3893,0;197,0
7;Acura;NSX coupe 2dr manual S;Sports;Asia;Rear;89,8;80,0;3,2;6,0;290,0;17,0;24,0;3153,0;174,0
8;Audi;A4 1.8T 4dr;Sedan;Europe;Front;25,9;23,5;1,8;4,0;170,0;22,0;31,0;3252,0;179,0
9;Audi;A41.8T convertible 2dr;Sedan;Europe;Front;35,9;32,5;1,8;4,0;170,0;23,0;30,0;3638,0;180,0
10;Audi;A4 3.0 4dr;Sedan;Europe;Front;31,8;28,8;3,0;6,0;220,0;20,0;28,0;3462,0;179,0
11;Audi;A4 3.0 Quattro 4dr manual;Sedan;Europe;All;33,4;30,4;3,0;6,0;220,0;17,0;26,0;3583,0;179,0
12;Audi;A4 3.0 Quattro 4dr auto;Sedan;Europe;All;34,5;31,4;3,0;6,0;220,0;18,0;25,0;3627,0;179,0
13;Audi;A6 3.0 4dr;Sedan;Europe;Front;36,6;33,1;3,0;6,0;220,0;20,0;27,0;3561,0;192,0
14;Audi;A6 3.0 Quattro 4dr;Sedan;Europe;All;39,6;36,0;3,0;6,0;220,0;18,0;25,0;3880,0;192,0
15;Audi;A4 3.0 convertible 2dr;Sedan;Europe;Front;42,5;38,3;3,0;6,0;220,0;20,0;27,0;3814,0;180,0
16;Audi;A4 3.0 Quattro convertible 2dr;Sedan;Europe;All;44,2;40,1;3,0;6,0;220,0;18,0;25,0;4013,0;180,0
17;Audi;A6 2.7 Turbo Quattro 4dr;Sedan;Europe;All;42,8;38,8;2,7;6,0;250,0;18,0;25,0;3836,0;192,0
18;Audi;A6 4.2 Quattro 4dr;Sedan;Europe;All;49,7;44,9;4,2;8,0;300,0;17,0;24,0;4024,0;193,0
19;Audi;A8 L Quattro 4dr;Sedan;Europe;All;69,2;64,7;4,2;8,0;330,0;17,0;24,0;4399,0;204,0
20;Audi;S4 Quattro 4dr;Sedan;Europe;All;48,0;43,6;4,2;8,0;340,0;14,0;20,0;3825,0;179,0
21;Audi;RS 6 4dr;Sports;Europe;Front;84,6;76,4;4,2;8,0;450,0;15,0;22,0;4024,0;191,0
22;Audi;TT 1.8 convertible 2dr (coupe);Sports;Europe;Front;35,9;32,5;1,8;4,0;180,0;20,0;28,0;3131,0;159,0
23;Audi;TT 1.8 Quattro 2dr (convertible);Sports;Europe;All;37,4;33,9;1,8;4,0;225,0;20,0;28,0;2921,0;159,0
24;Audi;TT 3.2 coupe 2dr (convertible);Sports;Europe;All;40,6;36,7;3,2;6,0;250,0;21,0;29,0;3351,0;159,0
25;Audi;A6 3.0 Avant Quattro;Wagon;Europe;All;40,8;37,1;3,0;6,0;220,0;18,0;25,0;4035,0;192,0
26;Audi;S4 Avant Quattro;Wagon;Europe;All;49,1;44,4;4,2;8,0;340,0;15,0;21,0;3936,0;179,0
27;BMW;X3 3.0i;SUV;Europe;All;37,0;33,9;3,0;6,0;225,0;16,0;23,0;4023,0;180,0
28;BMW;X5 4.4i;SUV;Europe;All;52,2;47,7;4,4;8,0;325,0;16,0;22,0;4824,0;184,0
29;BMW;325i 4dr;Sedan;Europe;Rear;28,5;26,2;2,5;6,0;184,0;20,0;29,0;3219,0;176,0
30;BMW;325Ci 2dr;Sedan;Europe;Rear;30,8;28,2;2,5;6,0;184,0;20,0;29,0;3197,0;177,0
31;BMW;325Ci convertible 2dr;Sedan;Europe;Rear;38,0;34,8;2,5;6,0;184,0;19,0;27,0;3560,0;177,0
32;BMW;325xi 4dr;Sedan;Europe;All;30,2;27,7;2,5;6,0;184,0;19,0;27,0;3461,0;176,0
33;BMW;330i 4dr;Sedan;Europe;Rear;35,5;32,5;3,0;6,0;225,0;20,0;30,0;3285,0;176,0
34;BMW;330Ci 2dr;Sedan;Europe;Rear;37,0;33,9;3,0;6,0;225,0;20,0;30,0;3285,0;176,0
35;BMW;330xi 4dr;Sedan;Europe;All;37,2;34,1;3,0;6,0;225,0;20,0;29,0;3483,0;176,0
36;BMW;525i 4dr;Sedan;Europe;Rear;40,0;36,6;2,5;6,0;184,0;19,0;28,0;3428,0;191,0
37;BMW;330Ci convertible 2dr;Sedan;Europe;Rear;44,3;40,5;3,0;6,0;225,0;19,0;28,0;3616,0;177,0
38;BMW;530i 4dr;Sedan;Europe;Rear;45,0;41,2;3,0;6,0;225,0;20,0;30,0;3472,0;191,0
39;BMW;545iA 4dr;Sedan;Europe;Rear;55,0;50,3;4,4;8,0;325,0;18,0;26,0;3814,0;191,0
40;BMW;745i 4dr;Sedan;Europe;Rear;69,2;63,2;4,4;8,0;325,0;18,0;26,0;4376,0;198,0
41;BMW;745Li 4dr;Sedan;Europe;Rear;73,2;66,8;4,4;8,0;325,0;18,0;26,0;4464,0;204,0
42;BMW;M3 coupe 2dr;Sports;Europe;Rear;48,2;44,2;3,2;6,0;333,0;16,0;24,0;3415,0;177,0
43;BMW;M3 convertible 2dr;Sports;Europe;Rear;56,6;51,8;3,2;6,0;333,0;16,0;23,0;3781,0;177,0
44;BMW;Z4 convertible 2.5i 2dr;Sports;Europe;Rear;33,9;31,1;2,5;6,0;184,0;20,0;28,0;2932,0;161,0
45;BMW;Z4 convertible 3.0i 2dr;Sports;Europe;Rear;41,0;37,6;3,0;6,0;225,0;21,0;29,0;2998,0;161,0
46;BMW;325xi Sport;Wagon;Europe;All;32,8;30,1;2,5;6,0;184,0;19,0;26,0;3594,0;176,0
47;Buick;Rainier;SUV;USA;All;37,9;34,4;4,2;6,0;275,0;15,0;21,0;4600,0;193,0
48;Buick;Rendezvous CX;SUV;USA;Front;26,5;24,1;3,4;6,0;185,0;19,0;26,0;4024,0;187,0
49;Buick;Century Custom 4dr;Sedan;USA;Front;22,2;20,4;3,1;6,0;175,0;20,0;30,0;3353,0;195,0
50;Buick;LeSabre Custom 4dr;Sedan;USA;Front;26,5;24,3;3,8;6,0;205,0;20,0;29,0;3567,0;200,0
51;Buick;Regal LS 4dr;Sedan;USA;Front;24,9;22,8;3,8;6,0;200,0;20,0;30,0;3461,0;196,0
52;Buick;Regal GS 4dr;Sedan;USA;Front;28,3;26,0;3,8;6,0;240,0;18,0;28,0;3536,0;196,0
53;Buick;LeSabre Limited 4dr;Sedan;USA;Front;32,2;29,6;3,8;6,0;205,0;20,0;29,0;3591,0;200,0
54;Buick;Park Avenue 4dr;Sedan;USA;Front;35,5;32,2;3,8;6,0;205,0;20,0;29,0;3778,0;207,0
55;Buick;Park Avenue Ultra 4dr;Sedan;USA;Front;40,7;36,9;3,8;6,0;240,0;18,0;28,0;3909,0;207,0
56;Cadillac;Escalade;SUV;USA;Front;52,8;48,4;5,3;8,0;295,0;14,0;18,0;5367,0;199,0
57;Cadillac;SRX V8;SUV;USA;Front;47,0;43,5;4,6;8,0;320,0;16,0;21,0;4302,0;195,0
58;Cadillac;CTS VVT 4dr;Sedan;USA;Rear;30,8;28,6;3,6;6,0;255,0;18,0;25,0;3694,0;190,0
59;Cadillac;Deville 4dr;Sedan;USA;Front;45,4;41,7;4,6;8,0;275,0;18,0;26,0;3984,0;207,0
60;Cadillac;Deville DTS 4dr;Sedan;USA;Front;50,6;46,4;4,6;8,0;300,0;18,0;26,0;4044,0;207,0
61;Cadillac;Seville SLS 4dr;Sedan;USA;Front;48,0;43,8;4,6;8,0;275,0;18,0;26,0;3992,0;201,0
62;Cadillac;XLR convertible 2dr;Sports;USA;Rear;76,2;70,5;4,6;8,0;320,0;17,0;25,0;3647,0;178,0
63;Cadillac;Escalade EXT;Truck;USA;All;53,0;48,5;6,0;8,0;345,0;13,0;17,0;5879,0;221,0
64;Chevrolet;Suburban 1500 LT;SUV;USA;Front;42,7;37,4;5,3;8,0;295,0;14,0;18,0;4947,0;219,0
65;Chevrolet;Tahoe LT;SUV;USA;All;41,5;36,3;5,3;8,0;295,0;14,0;18,0;5050,0;197,0
66;Chevrolet;TrailBlazer LT;SUV;USA;Front;30,3;27,5;4,2;6,0;275,0;16,0;21,0;4425,0;192,0
67;Chevrolet;Tracker;SUV;USA;Front;20,3;19,1;2,5;6,0;165,0;19,0;22,0;2866,0;163,0
68;Chevrolet;Aveo 4dr;Sedan;USA;Front;11,7;11,0;1,6;4,0;103,0;28,0;34,0;2370,0;167,0
69;Chevrolet;Aveo LS 4dr hatch;Sedan;USA;Front;12,6;11,8;1,6;4,0;103,0;28,0;34,0;2348,0;153,0
70;Chevrolet;Cavalier 2dr;Sedan;USA;Front;14,6;13,7;2,2;4,0;140,0;26,0;37,0;2617,0;183,0
71;Chevrolet;Cavalier 4dr;Sedan;USA;Front;14,8;13,9;2,2;4,0;140,0;26,0;37,0;2676,0;183,0
72;Chevrolet;Cavalier LS 2dr;Sedan;USA;Front;16,4;15,4;2,2;4,0;140,0;26,0;37,0;2617,0;183,0
73;Chevrolet;Impala 4dr;Sedan;USA;Front;21,9;20,1;3,4;6,0;180,0;21,0;32,0;3465,0;200,0
74;Chevrolet;Malibu 4dr;Sedan;USA;Front;19,0;17,4;2,2;4,0;145,0;24,0;34,0;3174,0;188,0
75;Chevrolet;Malibu LS 4dr;Sedan;USA;Front;20,4;18,6;3,5;6,0;200,0;22,0;30,0;3297,0;188,0
76;Chevrolet;Monte Carlo LS 2dr;Sedan;USA;Front;21,8;20,0;3,4;6,0;180,0;21,0;32,0;3340,0;198,0
77;Chevrolet;Impala LS 4dr;Sedan;USA;Front;25,0;22,9;3,8;6,0;200,0;20,0;30,0;3476,0;200,0
78;Chevrolet;Impala SS 4dr;Sedan;USA;Front;28,0;25,7;3,8;6,0;240,0;18,0;28,0;3606,0;200,0
79;Chevrolet;Malibu LT 4dr;Sedan;USA;Front;23,5;21,6;3,5;6,0;200,0;23,0;32,0;3315,0;188,0
80;Chevrolet;Monte Carlo SS 2dr;Sedan;USA;Front;24,2;22,2;3,8;6,0;200,0;18,0;28,0;3434,0;198,0
81;Chevrolet;Astro;Sedan;USA;All;26,4;24,0;4,3;6,0;190,0;14,0;17,0;4605,0;190,0
82;Chevrolet;Venture LS;Sedan;USA;Front;27,0;24,5;3,4;6,0;185,0;19,0;26,0;3699,0;187,0
83;Chevrolet;Corvette 2dr;Sports;USA;Rear;44,5;39,1;5,7;8,0;350,0;18,0;25,0;3246,0;180,0
84;Chevrolet;Corvette convertible 2dr;Sports;USA;Rear;51,5;45,2;5,7;8,0;350,0;18,0;25,0;3248,0;180,0
85;Chevrolet;Avalanche 1500;Truck;USA;All;36,1;31,7;5,3;8,0;295,0;14,0;18,0;5678,0;222,0
86;Chevrolet;Colorado Z85;Truck;USA;All;18,8;17,1;2,8;4,0;175,0;18,0;23,0;3623,0;192,0
87;Chevrolet;Silverado 1500 Regular Cab;Truck;USA;Rear;20,3;18,5;4,3;6,0;200,0;15,0;21,0;4142,0;206,0
88;Chevrolet;Silverado SS;Truck;USA;All;40,3;35,4;6,0;8,0;300,0;13,0;17,0;4804,0;238,0
89;Chevrolet;SSR;Truck;USA;Rear;42,0;39,3;5,3;8,0;300,0;16,0;19,0;4760,0;191,0
90;Chevrolet;Malibu Maxx LS;Wagon;USA;Front;22,2;20,4;3,5;6,0;200,0;22,0;30,0;3458,0;188,0
91;Chrysler;PT Cruiser 4dr;Sedan;USA;Front;18,0;16,9;2,4;4,0;150,0;22,0;29,0;3101,0;169,0
92;Chrysler;PT Cruiser Limited 4dr;Sedan;USA;Front;22,0;20,6;2,4;4,0;150,0;22,0;29,0;3105,0;169,0
93;Chrysler;Sebring 4dr;Sedan;USA;Front;19,1;17,8;2,4;4,0;150,0;22,0;30,0;3173,0;191,0
94;Chrysler;Sebring Touring 4dr;Sedan;USA;Front;21,8;20,3;2,7;6,0;200,0;21,0;28,0;3222,0;191,0
95;Chrysler;300M 4dr;Sedan;USA;Front;29,9;27,8;3,5;6,0;250,0;18,0;27,0;3581,0;198,0
96;Chrysler;Concorde LX 4dr;Sedan;USA;Front;24,1;22,5;2,7;6,0;200,0;21,0;29,0;3479,0;208,0
97;Chrysler;Concorde LXi 4dr;Sedan;USA;Front;26,9;24,9;3,5;6,0;232,0;19,0;27,0;3548,0;208,0
98;Chrysler;PT Cruiser GT 4dr;Sedan;USA;Front;26,0;24,2;2,4;4,0;220,0;21,0;27,0;3217,0;169,0
99;Chrysler;Sebring convertible 2dr;Sedan;USA;Front;25,2;23,5;2,4;4,0;150,0;22,0;30,0;3357,0;194,0
100;Chrysler;300M Special Edition 4dr;Sedan;USA;Front;33,3;30,9;3,5;6,0;255,0;18,0;27,0;3650,0;198,0
101;Chrysler;Sebring Limited convertible 2dr;Sedan;USA;Front;31,0;28,6;2,7;6,0;200,0;21,0;28,0;3448,0;194,0
102;Chrysler;Town and Country LX;Sedan;USA;Front;27,5;25,4;3,3;6,0;180,0;19,0;26,0;4068,0;201,0
103;Chrysler;Town and Country Limited;Sedan;USA;Front;38,4;35,1;3,8;6,0;215,0;18,0;25,0;4331,0;201,0
104;Chrysler;Crossfire 2dr;Sports;USA;Rear;34,5;32,0;3,2;6,0;215,0;17,0;25,0;3060,0;160,0
105;Chrysler;Pacifica;Wagon;USA;Rear;31,2;28,7;3,5;6,0;250,0;17,0;23,0;4675,0;199,0
106;Dodge;Durango SLT;SUV;USA;All;32,2;29,5;4,7;8,0;230,0;15,0;21,0;4987,0;201,0
107;Dodge;Neon SE 4dr;Sedan;USA;Front;13,7;12,8;2,0;4,0;132,0;29,0;36,0;2581,0;174,0
108;Dodge;Neon SXT 4dr;Sedan;USA;Front;15,0;14,1;2,0;4,0;132,0;29,0;36,0;2626,0;174,0
109;Dodge;Intrepid SE 4dr;Sedan;USA;Front;22,0;20,5;2,7;6,0;200,0;21,0;29,0;3469,0;204,0
110;Dodge;Stratus SXT 4dr;Sedan;USA;Front;18,8;17,5;2,4;4,0;150,0;21,0;28,0;3182,0;191,0
111;Dodge;Stratus SE 4dr;Sedan;USA;Front;20,2;18,8;2,4;4,0;150,0;21,0;28,0;3175,0;191,0
112;Dodge;Intrepid ES 4dr;Sedan;USA;Front;24,9;23,1;3,5;6,0;232,0;18,0;27,0;3487,0;204,0
113;Dodge;Caravan SE;Sedan;USA;Front;21,8;20,5;2,4;4,0;150,0;20,0;26,0;3862,0;189,0
114;Dodge;Grand Caravan SXT;Sedan;USA;All;32,7;29,8;3,8;6,0;215,0;18,0;25,0;4440,0;201,0
115;Dodge;Viper SRT-10 convertible 2dr;Sports;USA;Rear;81,8;74,5;8,3;10,0;500,0;12,0;20,0;3410,0;176,0
116;Dodge;Dakota Regular Cab;Truck;USA;Rear;17,6;16,3;3,7;6,0;210,0;16,0;22,0;3714,0;193,0
117;Dodge;Dakota Club Cab;Truck;USA;Rear;20,3;18,7;3,7;6,0;210,0;16,0;22,0;3829,0;219,0
118;Dodge;Ram 1500 Regular Cab ST;Truck;USA;Rear;20,2;18,1;3,7;6,0;215,0;16,0;21,0;4542,0;208,0
119;Ford;Excursion 6.8 XLT;SUV;USA;All;41,5;36,5;6,8;10,0;310,0;10,0;13,0;7190,0;227,0
120;Ford;Expedition 4.6 XLT;SUV;USA;Front;34,6;30,5;4,6;8,0;232,0;15,0;19,0;5000,0;206,0
121;Ford;Explorer XLT V6;SUV;USA;All;29,7;27,0;4,0;6,0;210,0;15,0;20,0;4463,0;190,0
122;Ford;Escape XLS;SUV;USA;All;22,5;20,9;3,0;6,0;201,0;18,0;23,0;3346,0;173,0
123;Ford;Focus ZX3 2dr hatch;Sedan;USA;Front;13,3;12,5;2,0;4,0;130,0;26,0;33,0;2612,0;168,0
124;Ford;Focus LX 4dr;Sedan;USA;Front;13,7;12,9;2,0;4,0;110,0;27,0;36,0;2606,0;168,0
125;Ford;Focus SE 4dr;Sedan;USA;Front;15,5;14,5;2,0;4,0;130,0;26,0;33,0;2606,0;168,0
126;Ford;Focus ZX5 5dr;Sedan;USA;Front;15,6;14,6;2,0;4,0;130,0;26,0;33,0;2691,0;168,0
127;Ford;Focus SVT 2dr;Sedan;USA;Front;19,1;17,9;2,0;4,0;170,0;21,0;28,0;2750,0;168,0
128;Ford;Taurus LX 4dr;Sedan;USA;Front;20,3;18,9;3,0;6,0;155,0;20,0;27,0;3306,0;198,0
129;Ford;Taurus SES Duratec 4dr;Sedan;USA;Front;22,7;20,9;3,0;6,0;201,0;19,0;26,0;3313,0;198,0
130;Ford;Crown Victoria 4dr;Sedan;USA;Rear;24,3;22,9;4,6;8,0;224,0;17,0;25,0;4057,0;212,0
131;Ford;Crown Victoria LX 4dr;Sedan;USA;Rear;27,4;25,1;4,6;8,0;224,0;17,0;25,0;4057,0;212,0
132;Ford;Crown Victoria LX Sport 4dr;Sedan;USA;Rear;30,3;27,8;4,6;8,0;239,0;17,0;25,0;4057,0;212,0
133;Ford;Freestar SE;Sedan;USA;Front;26,9;24,5;3,9;6,0;193,0;17,0;23,0;4275,0;201,0
134;Ford;Mustang 2dr (convertible);Sports;USA;Rear;18,3;16,9;3,8;6,0;193,0;20,0;29,0;3290,0;183,0
135;Ford;Mustang GT Premium convertible 2dr;Sports;USA;Rear;29,4;26,9;4,6;8,0;260,0;17,0;25,0;3347,0;183,0
136;Ford;Thunderbird Deluxe convert w/hardtop 2d;Sports;USA;Front;37,5;34,5;3,9;8,0;280,0;17,0;24,0;3780,0;186,0
137;Ford;F-150 Regular Cab XL;Truck;USA;Rear;22,0;19,5;4,6;8,0;231,0;15,0;19,0;4788,0;211,0
138;Ford;F-150 Supercab Lariat;Truck;USA;All;33,5;29,4;5,4;8,0;300,0;14,0;18,0;5464,0;218,0
139;Ford;Ranger 2.3 XL Regular Cab;Truck;USA;Rear;14,4;13,7;2,3;4,0;143,0;24,0;29,0;3028,0;188,0
140;Ford;Focus ZTW;Wagon;USA;Front;17,5;16,4;2,0;4,0;130,0;26,0;33,0;2702,0;178,0
141;Ford;Taurus SE;Wagon;USA;Front;22,3;20,5;3,0;6,0;155,0;19,0;26,0;3497,0;198,0
142;GMC;Envoy XUV SLE;SUV;USA;Front;31,9;28,9;4,2;6,0;275,0;15,0;19,0;4945,0;208,0
143;GMC;Yukon 1500 SLE;SUV;USA;Front;35,7;31,4;4,8;8,0;285,0;16,0;19,0;5042,0;199,0
144;GMC;Yukon XL 2500 SLT;SUV;USA;All;46,3;40,5;6,0;8,0;325,0;13,0;17,0;6133,0;219,0
145;GMC;Safari SLE;Sedan;USA;Rear;25,6;23,2;4,3;6,0;190,0;16,0;20,0;4309,0;190,0
146;GMC;Canyon Z85 SL Regular Cab;Truck;USA;Rear;16,5;14,9;2,8;4,0;175,0;18,0;25,0;3351,0;192,0
147;GMC;Sierra Extended Cab 1500;Truck;USA;Rear;25,7;22,6;4,8;8,0;285,0;17,0;20,0;4548,0;230,0
148;GMC;Sierra HD 2500;Truck;USA;All;29,3;25,8;6,0;8,0;300,0;13,0;18,0;5440,0;222,0
149;GMC;Sonoma Crew Cab;Truck;USA;All;25,4;23,0;4,3;6,0;190,0;15,0;19,0;4083,0;208,0
150;Honda;Civic Hybrid 4dr manual (gas/electric);Hybrid;Asia;Front;20,1;18,5;1,4;4,0;93,0;46,0;51,0;2732,0;175,0
151;Honda;Insight 2dr (gas/electric);Hybrid;Asia;Front;19,1;17,9;2,0;3,0;73,0;60,0;66,0;1850,0;155,0
152;Honda;Pilot LX;SUV;Asia;All;27,6;24,8;3,5;6,0;240,0;17,0;22,0;4387,0;188,0
153;Honda;CR-V LX;SUV;Asia;All;19,9;18,4;2,4;4,0;160,0;21,0;25,0;3258,0;179,0
154;Honda;Element LX;SUV;Asia;All;18,7;17,3;2,4;4,0;160,0;21,0;24,0;3468,0;167,0
155;Honda;Civic DX 2dr;Sedan;Asia;Front;13,3;12,2;1,7;4,0;115,0;32,0;38,0;2432,0;175,0
156;Honda;Civic HX 2dr;Sedan;Asia;Front;14,2;13,0;1,7;4,0;117,0;36,0;44,0;2500,0;175,0
157;Honda;Civic LX 4dr;Sedan;Asia;Front;15,9;14,5;1,7;4,0;115,0;32,0;38,0;2513,0;175,0
158;Honda;Accord LX 2dr;Sedan;Asia;Front;19,9;17,9;2,4;4,0;160,0;26,0;34,0;2994,0;188,0
159;Honda;Accord EX 2dr;Sedan;Asia;Front;22,3;20,1;2,4;4,0;160,0;26,0;34,0;3047,0;188,0
160;Honda;Civic EX 4dr;Sedan;Asia;Front;17,8;16,3;1,7;4,0;127,0;32,0;37,0;2601,0;175,0
161;Honda;Civic Si 2dr hatch;Sedan;Asia;Front;19,5;17,8;2,0;4,0;160,0;26,0;30,0;2782,0;166,0
162;Honda;Accord LX V6 4dr;Sedan;Asia;Front;23,8;21,4;3,0;6,0;240,0;21,0;30,0;3349,0;190,0
163;Honda;Accord EX V6 2dr;Sedan;Asia;Front;27,0;24,3;3,0;6,0;240,0;21,0;30,0;3294,0;188,0
164;Honda;Odyssey LX;Sedan;Asia;Front;25,0;22,5;3,5;6,0;240,0;18,0;25,0;4310,0;201,0
165;Honda;Odyssey EX;Sedan;Asia;Front;27,5;24,7;3,5;6,0;240,0;18,0;25,0;4365,0;201,0
166;Honda;S2000 convertible 2dr;Sports;Asia;Rear;33,3;30,0;2,2;4,0;240,0;20,0;25,0;2835,0;162,0
167;Hummer;H2;SUV;USA;All;50,0;45,8;6,0;8,0;316,0;10,0;12,0;6400,0;190,0
168;Hyundai;Santa Fe GLS;SUV;Asia;Front;21,6;20,2;2,7;6,0;173,0;20,0;26,0;3549,0;177,0
169;Hyundai;Accent 2dr hatch;Sedan;Asia;Front;10,5;10,1;1,6;4,0;103,0;29,0;33,0;2255,0;167,0
170;Hyundai;Accent GL 4dr;Sedan;Asia;Front;11,8;11,1;1,6;4,0;103,0;29,0;33,0;2290,0;167,0
171;Hyundai;Accent GT 2dr hatch;Sedan;Asia;Front;11,9;11,2;1,6;4,0;103,0;29,0;33,0;2339,0;167,0
172;Hyundai;Elantra GLS 4dr;Sedan;Asia;Front;13,8;12,8;2,0;4,0;138,0;26,0;34,0;2635,0;178,0
173;Hyundai;Elantra GT 4dr;Sedan;Asia;Front;15,4;14,2;2,0;4,0;138,0;26,0;34,0;2635,0;178,0
174;Hyundai;Elantra GT 4dr hatch;Sedan;Asia;Front;15,4;14,2;2,0;4,0;138,0;26,0;34,0;2698,0;178,0
175;Hyundai;Sonata GLS 4dr;Sedan;Asia;Front;19,3;17,6;2,7;6,0;170,0;19,0;27,0;3217,0;187,0
176;Hyundai;Sonata LX 4dr;Sedan;Asia;Front;20,3;18,4;2,7;6,0;170,0;19,0;27,0;3217,0;187,0
177;Hyundai;XG350 4dr;Sedan;Asia;Front;24,6;22,1;3,5;6,0;194,0;17,0;26,0;3651,0;192,0
178;Hyundai;XG350 L 4dr;Sedan;Asia;Front;26,2;23,5;3,5;6,0;194,0;17,0;26,0;3651,0;192,0
179;Hyundai;Tiburon GT V6 2dr;Sports;Asia;Front;18,7;17,1;2,7;6,0;172,0;19,0;26,0;3023,0;173,0
180;Infiniti;G35 4dr;Sedan;Asia;Rear;28,5;26,2;3,5;6,0;260,0;18,0;26,0;3336,0;187,0
181;Infiniti;G35 Sport Coupe 2dr;Sedan;Asia;Rear;29,8;27,5;3,5;6,0;280,0;18,0;26,0;3416,0;182,0
182;Infiniti;G35 4dr;Sedan;Asia;All;32,4;29,8;3,5;6,0;260,0;18,0;26,0;3677,0;187,0
183;Infiniti;I35 4dr;Sedan;Asia;Front;31,1;28,3;3,5;6,0;255,0;19,0;26,0;3306,0;194,0
184;Infiniti;M45 4dr;Sedan;Asia;Rear;42,8;38,8;4,5;8,0;340,0;17,0;23,0;3851,0;197,0
185;Infiniti;Q45 Luxury 4dr;Sedan;Asia;Rear;52,5;47,6;4,5;8,0;340,0;17,0;23,0;3977,0;200,0
186;Infiniti;FX35;Wagon;Asia;Rear;34,9;31,8;3,5;6,0;280,0;16,0;22,0;4056,0;189,0
187;Infiniti;FX45;Wagon;Asia;All;36,4;33,1;4,5;8,0;315,0;15,0;19,0;4309,0;189,0
188;Isuzu;Ascender S;SUV;Asia;All;31,8;30,0;4,2;6,0;275,0;15,0;20,0;4967,0;208,0
189;Isuzu;Rodeo S;SUV;Asia;Front;20,4;19,3;3,2;6,0;193,0;17,0;21,0;3836,0;178,0
190;Jaguar;X-Type 2.5 4dr;Sedan;Europe;All;30,0;27,4;2,5;6,0;192,0;18,0;26,0;3428,0;184,0
191;Jaguar;X-Type 3.0 4dr;Sedan;Europe;All;34,0;31,0;3,0;6,0;227,0;18,0;25,0;3516,0;184,0
192;Jaguar;S-Type 3.0 4dr;Sedan;Europe;Rear;43,9;40,0;3,0;6,0;235,0;18,0;26,0;3777,0;192,0
193;Jaguar;S-Type 4.2 4dr;Sedan;Europe;Rear;50,0;45,6;4,2;8,0;294,0;18,0;28,0;3874,0;192,0
194;Jaguar;S-Type R 4dr;Sedan;Europe;Rear;63,1;57,5;4,2;8,0;390,0;17,0;24,0;4046,0;192,0
195;Jaguar;Vanden Plas 4dr;Sedan;Europe;Rear;69,0;62,8;4,2;8,0;294,0;18,0;28,0;3803,0;200,0
196;Jaguar;XJ8 4dr;Sedan;Europe;Rear;60,0;54,7;4,2;8,0;294,0;18,0;28,0;3803,0;200,0
197;Jaguar;XJR 4dr;Sedan;Europe;Rear;75,0;68,3;4,2;8,0;390,0;17,0;24,0;3948,0;200,0
198;Jaguar;XK8 coupe 2dr;Sports;Europe;Rear;70,0;63,8;4,2;8,0;294,0;18,0;26,0;3779,0;187,0
199;Jaguar;XK8 convertible 2dr;Sports;Europe;Rear;75,0;68,3;4,2;8,0;294,0;18,0;26,0;3980,0;187,0
200;Jaguar;XKR coupe 2dr;Sports;Europe;Rear;82,0;74,7;4,2;8,0;390,0;16,0;23,0;3865,0;187,0
201;Jaguar;XKR convertible 2dr;Sports;Europe;Rear;87,0;79,2;4,2;8,0;390,0;16,0;23,0;4042,0;187,0
202;Jeep;Grand Cherokee Laredo;SUV;USA;Front;27,9;25,7;4,0;6,0;195,0;16,0;21,0;3790,0;181,0
203;Jeep;Liberty Sport;SUV;USA;All;20,1;19,0;2,4;4,0;150,0;20,0;24,0;3826,0;174,0
204;Jeep;Wrangler Sahara convertible 2dr;SUV;USA;All;25,5;23,3;4,0;6,0;190,0;16,0;19,0;3575,0;150,0
205;Kia;Sorento LX;SUV;Asia;Front;19,6;18,6;3,5;6,0;192,0;16,0;19,0;4112,0;180,0
206;Kia;Optima LX 4dr;Sedan;Asia;Front;16,0;14,9;2,4;4,0;138,0;23,0;30,0;3281,0;186,0
207;Kia;Rio 4dr manual;Sedan;Asia;Front;10,3;9,9;1,6;4,0;104,0;26,0;33,0;2403,0;167,0
208;Kia;Rio 4dr auto;Sedan;Asia;Front;11,2;10,7;1,6;4,0;104,0;25,0;32,0;2458,0;167,0
209;Kia;Spectra 4dr;Sedan;Asia;Front;12,4;11,6;1,8;4,0;124,0;24,0;32,0;2661,0;178,0
210;Kia;Spectra GS 4dr hatch;Sedan;Asia;Front;13,6;12,8;1,8;4,0;124,0;24,0;32,0;2686,0;178,0
211;Kia;Spectra GSX 4dr hatch;Sedan;Asia;Front;14,6;13,8;1,8;4,0;124,0;24,0;32,0;2697,0;178,0
212;Kia;Optima LX V6 4dr;Sedan;Asia;Front;18,4;16,9;2,7;6,0;170,0;20,0;27,0;3279,0;186,0
213;Kia;Amanti 4dr;Sedan;Asia;Front;26,0;23,8;3,5;6,0;195,0;17,0;25,0;4021,0;196,0
214;Kia;Sedona LX;Sedan;Asia;Front;20,6;19,4;3,5;6,0;195,0;16,0;22,0;4802,0;194,0
215;Kia;Rio Cinco;Wagon;Asia;Front;11,9;11,4;1,6;4,0;104,0;26,0;33,0;2447,0;167,0
216;Land Rover;Range Rover HSE;SUV;Europe;All;72,3;65,8;4,4;8,0;282,0;12,0;16,0;5379,0;195,0
217;Land Rover;Discovery SE;SUV;Europe;All;39,3;35,8;4,6;8,0;217,0;12,0;16,0;4576,0;185,0
218;Land Rover;Freelander SE;SUV;Europe;All;26,0;24,0;2,5;6,0;174,0;18,0;21,0;3577,0;175,0
219;Lexus;GX 470;SUV;Asia;All;45,7;39,8;4,7;8,0;235,0;15,0;19,0;4740,0;188,0
220;Lexus;LX 470;SUV;Asia;All;64,8;56,5;4,7;8,0;235,0;13,0;17,0;5590,0;193,0
221;Lexus;RX 330;SUV;Asia;All;39,2;34,6;3,3;6,0;230,0;18,0;24,0;4065,0;186,0
222;Lexus;ES 330 4dr;Sedan;Asia;Front;32,4;28,8;3,3;6,0;225,0;20,0;29,0;3460,0;191,0
223;Lexus;IS 300 4dr manual;Sedan;Asia;Rear;31,0;27,4;3,0;6,0;215,0;18,0;25,0;3255,0;177,0
224;Lexus;IS 300 4dr auto;Sedan;Asia;Rear;32,4;28,6;3,0;6,0;215,0;18,0;24,0;3285,0;177,0
225;Lexus;GS 300 4dr;Sedan;Asia;Rear;41,0;36,2;3,0;6,0;220,0;18,0;25,0;3649,0;189,0
226;Lexus;GS 430 4dr;Sedan;Asia;Rear;48,5;42,2;4,3;8,0;300,0;18,0;23,0;3715,0;189,0
227;Lexus;LS 430 4dr;Sedan;Asia;Rear;55,8;48,6;4,3;8,0;290,0;18,0;25,0;3990,0;197,0
228;Lexus;SC 430 convertible 2dr;Sports;Asia;Rear;63,2;55,1;4,3;8,0;300,0;18,0;23,0;3840,0;178,0
229;Lexus;IS 300 SportCross;Wagon;Asia;Rear;32,5;28,6;3,0;6,0;215,0;18,0;24,0;3410,0;177,0
230;Lincoln;Navigator Luxury;SUV;USA;All;52,8;46,4;5,4;8,0;300,0;13,0;18,0;5969,0;206,0
231;Lincoln;Aviator Ultimate;SUV;USA;Front;42,9;39,4;4,6;8,0;302,0;13,0;18,0;4834,0;193,0
232;Lincoln;LS V6 Luxury 4dr;Sedan;USA;Rear;32,5;30,0;3,0;6,0;232,0;20,0;26,0;3681,0;194,0
233;Lincoln;LS V6 Premium 4dr;Sedan;USA;Rear;36,9;33,9;3,0;6,0;232,0;20,0;26,0;3681,0;194,0
234;Lincoln;LS V8 Sport 4dr;Sedan;USA;Rear;40,1;36,8;3,9;8,0;280,0;17,0;24,0;3768,0;194,0
235;Lincoln;LS V8 Ultimate 4dr;Sedan;USA;Rear;43,5;39,9;3,9;8,0;280,0;17,0;24,0;3768,0;194,0
236;Lincoln;Town Car Signature 4dr;Sedan;USA;Rear;41,8;38,4;4,6;8,0;239,0;17,0;25,0;4369,0;215,0
237;Lincoln;Town Car Ultimate 4dr;Sedan;USA;Rear;44,9;41,2;4,6;8,0;239,0;17,0;25,0;4369,0;215,0
238;Lincoln;Town Car Ultimate L 4dr;Sedan;USA;Rear;50,5;46,2;4,6;8,0;239,0;17,0;25,0;4474,0;221,0
239;MINI;Cooper;Sedan;Europe;Front;17,0;15,4;1,6;4,0;115,0;28,0;37,0;2524,0;143,0
240;MINI;Cooper S;Sedan;Europe;Front;20,0;18,1;1,6;4,0;163,0;25,0;34,0;2678,0;144,0
241;Mazda;Tribute DX 2.0;SUV;Asia;All;21,1;19,7;2,0;4,0;130,0;22,0;25,0;3091,0;173,0
242;Mazda;Mazda3 i 4dr;Sedan;Asia;Front;15,5;14,5;2,0;4,0;148,0;26,0;34,0;2696,0;178,0
243;Mazda;Mazda3 s 4dr;Sedan;Asia;Front;17,2;15,9;2,3;4,0;160,0;25,0;31,0;2762,0;179,0
244;Mazda;Mazda6 i 4dr;Sedan;Asia;Front;19,3;17,8;2,3;4,0;160,0;24,0;32,0;3042,0;187,0
245;Mazda;MPV ES;Sedan;Asia;Front;28,8;26,6;3,0;6,0;200,0;18,0;25,0;3812,0;188,0
246;Mazda;MX-5 Miata convertible 2dr;Sports;Asia;Rear;22,4;20,7;1,8;4,0;142,0;23,0;28,0;2387,0;156,0
247;Mazda;MX-5 Miata LS convertible 2dr;Sports;Asia;Rear;25,2;23,3;1,8;4,0;142,0;23,0;28,0;2387,0;156,0
248;Mazda;RX-8 4dr automatic;Sports;Asia;Rear;25,7;23,8;1,3;;197,0;18,0;25,0;3053,0;174,0
249;Mazda;RX-8 4dr manual;Sports;Asia;Rear;27,2;25,2;1,3;;238,0;18,0;24,0;3029,0;174,0
250;Mazda;B2300 SX Regular Cab;Truck;Asia;Rear;14,8;14,1;2,3;4,0;143,0;24,0;29,0;2960,0;188,0
251;Mazda;B4000 SE Cab Plus;Truck;Asia;All;22,4;20,5;4,0;6,0;207,0;15,0;19,0;3571,0;203,0
252;Mercedes-Benz;G500;SUV;Europe;All;76,9;71,5;5,0;8,0;292,0;13,0;14,0;5423,0;186,0
253;Mercedes-Benz;ML500;SUV;Europe;All;46,5;43,3;5,0;8,0;288,0;14,0;17,0;4874,0;183,0
254;Mercedes-Benz;C230 Sport 2dr;Sedan;Europe;Rear;26,1;24,2;1,8;4,0;189,0;22,0;30,0;3250,0;178,0
255;Mercedes-Benz;C320 Sport 2dr;Sedan;Europe;Rear;28,4;26,4;3,2;6,0;215,0;19,0;26,0;3430,0;178,0
256;Mercedes-Benz;C240 4dr;Sedan;Europe;Rear;32,3;30,1;2,6;6,0;168,0;20,0;25,0;3360,0;178,0
257;Mercedes-Benz;C240 4dr;Sedan;Europe;All;33,5;31,2;2,6;6,0;168,0;19,0;25,0;3360,0;178,0
258;Mercedes-Benz;C320 Sport 4dr;Sedan;Europe;Rear;35,9;33,5;3,2;6,0;215,0;19,0;26,0;3430,0;178,0
259;Mercedes-Benz;C320 4dr;Sedan;Europe;Rear;37,6;35,0;3,2;6,0;215,0;20,0;26,0;3450,0;178,0
260;Mercedes-Benz;C320 4dr;Sedan;Europe;All;38,8;36,2;3,2;6,0;215,0;19,0;27,0;3450,0;178,0
261;Mercedes-Benz;C32 AMG 4dr;Sedan;Europe;Rear;52,1;48,5;3,2;6,0;349,0;16,0;21,0;3540,0;178,0
262;Mercedes-Benz;CL500 2dr;Sedan;Europe;Rear;94,8;88,3;5,0;8,0;302,0;16,0;24,0;4085,0;196,0
263;Mercedes-Benz;CL600 2dr;Sedan;Europe;Rear;128,4;119,6;5,5;12,0;493,0;13,0;19,0;4473,0;196,0
264;Mercedes-Benz;CLK320 coupe 2dr (convertible);Sedan;Europe;Rear;45,7;42,0;3,2;6,0;215,0;20,0;26,0;3770,0;183,0
265;Mercedes-Benz;CLK500 coupe 2dr (convertible);Sedan;Europe;Rear;52,8;49,1;5,0;8,0;302,0;17,0;22,0;3585,0;183,0
266;Mercedes-Benz;E320 4dr;Sedan;Europe;Rear;48,2;44,8;3,2;6,0;221,0;19,0;27,0;3635,0;190,0
267;Mercedes-Benz;E500 4dr;Sedan;Europe;Rear;57,3;53,4;5,0;8,0;302,0;16,0;20,0;3815,0;190,0
268;Mercedes-Benz;S430 4dr;Sedan;Europe;Rear;74,3;69,2;4,3;8,0;275,0;18,0;26,0;4160,0;203,0
269;Mercedes-Benz;S500 4dr;Sedan;Europe;All;87,0;80,9;5,0;8,0;302,0;16,0;24,0;4390,0;203,0
270;Mercedes-Benz;SL500 convertible 2dr;Sports;Europe;Rear;90,5;84,3;5,0;8,0;302,0;16,0;23,0;4065,0;179,0
271;Mercedes-Benz;SL55 AMG 2dr;Sports;Europe;Rear;121,8;113,4;5,5;8,0;493,0;14,0;21,0;4235,0;179,0
272;Mercedes-Benz;SL600 convertible 2dr;Sports;Europe;Rear;126,7;117,9;5,5;12,0;493,0;13,0;19,0;4429,0;179,0
273;Mercedes-Benz;SLK230 convertible 2dr;Sports;Europe;Rear;40,3;37,5;2,3;4,0;192,0;21,0;29,0;3055,0;158,0
274;Mercedes-Benz;SLK32 AMG 2dr;Sports;Europe;Rear;56,2;52,3;3,2;6,0;349,0;17,0;22,0;3220,0;158,0
275;Mercedes-Benz;C240;Wagon;Europe;Rear;33,8;31,5;2,6;6,0;168,0;19,0;25,0;3470,0;179,0
276;Mercedes-Benz;E320;Wagon;Europe;Rear;50,7;47,2;3,2;6,0;221,0;19,0;27,0;3966,0;190,0
277;Mercedes-Benz;E500;Wagon;Europe;All;60,7;56,5;5,0;8,0;302,0;16,0;24,0;4230,0;190,0
278;Mercury;Mountaineer;SUV;USA;Front;30,0;27,3;4,0;6,0;210,0;16,0;21,0;4374,0;190,0
279;Mercury;Sable GS 4dr;Sedan;USA;Front;21,6;19,8;3,0;6,0;155,0;20,0;27,0;3308,0;200,0
280;Mercury;Grand Marquis GS 4dr;Sedan;USA;Rear;24,7;23,2;4,6;8,0;224,0;17,0;25,0;4052,0;212,0
281;Mercury;Grand Marquis LS Premium 4dr;Sedan;USA;Rear;29,6;27,1;4,6;8,0;224,0;17,0;25,0;4052,0;212,0
282;Mercury;Sable LS Premium 4dr;Sedan;USA;Front;23,9;21,9;3,0;6,0;201,0;19,0;26,0;3315,0;200,0
283;Mercury;Grand Marquis LS Ultimate 4dr;Sedan;USA;Rear;30,9;28,3;4,6;8,0;224,0;17,0;25,0;4052,0;212,0
284;Mercury;Marauder 4dr;Sedan;USA;Rear;34,5;31,6;4,6;8,0;302,0;17,0;23,0;4195,0;212,0
285;Mercury;Monterey Luxury;Sedan;USA;Front;34,0;30,8;4,2;6,0;201,0;16,0;23,0;4340,0;202,0
286;Mercury;Sable GS;Wagon;USA;Front;22,6;20,7;3,0;6,0;155,0;19,0;26,0;3488,0;198,0
287;Mitsubishi;Endeavor XLS;SUV;Asia;All;30,5;28,3;3,8;6,0;215,0;17,0;21,0;4134,0;190,0
288;Mitsubishi;Montero XLS;SUV;Asia;All;33,1;30,8;3,8;6,0;215,0;15,0;19,0;4718,0;190,0
289;Mitsubishi;Outlander LS;SUV;Asia;Front;18,9;17,6;2,4;4,0;160,0;21,0;27,0;3240,0;179,0
290;Mitsubishi;Lancer ES 4dr;Sedan;Asia;Front;14,6;13,8;2,0;4,0;120,0;25,0;31,0;2656,0;181,0
291;Mitsubishi;Lancer LS 4dr;Sedan;Asia;Front;16,7;15,7;2,0;4,0;120,0;25,0;31,0;2795,0;181,0
292;Mitsubishi;Galant ES 2.4L 4dr;Sedan;Asia;Front;19,3;18,0;2,4;4,0;160,0;23,0;30,0;3351,0;191,0
293;Mitsubishi;Lancer OZ Rally 4dr auto;Sedan;Asia;Front;17,2;16,2;2,0;4,0;120,0;25,0;31,0;2744,0;181,0
294;Mitsubishi;Diamante LS 4dr;Sedan;Asia;Front;29,3;27,3;3,5;6,0;205,0;18,0;25,0;3549,0;194,0
295;Mitsubishi;Galant GTS 4dr;Sedan;Asia;Front;25,7;23,9;3,8;6,0;230,0;18,0;26,0;3649,0;191,0
296;Mitsubishi;Eclipse GTS 2dr;Sports;Asia;Front;25,1;23,5;3,0;6,0;210,0;21,0;28,0;3241,0;177,0
297;Mitsubishi;Eclipse Spyder GT convertible 2dr;Sports;Asia;Front;27,0;25,2;3,0;6,0;210,0;21,0;28,0;3296,0;177,0
298;Mitsubishi;Lancer Evolution 4dr;Sports;Asia;Front;29,6;27,5;2,0;4,0;271,0;18,0;26,0;3263,0;179,0
299;Mitsubishi;Lancer Sportback LS;Wagon;Asia;Front;17,5;16,3;2,4;4,0;160,0;25,0;31,0;3020,0;181,0
300;Nissan;Pathfinder Armada SE;SUV;Asia;Front;33,8;30,8;5,6;8,0;305,0;13,0;19,0;5013,0;207,0
301;Nissan;Pathfinder SE;SUV;Asia;Front;27,3;26,0;3,5;6,0;240,0;16,0;21,0;3871,0;183,0
302;Nissan;Xterra XE V6;SUV;Asia;Front;20,9;19,5;3,3;6,0;180,0;17,0;20,0;3760,0;178,0
303;Nissan;Sentra 1.8 4dr;Sedan;Asia;Front;12,7;12,2;1,8;4,0;126,0;28,0;35,0;2513,0;178,0
304;Nissan;Sentra 1.8 S 4dr;Sedan;Asia;Front;14,7;13,7;1,8;4,0;126,0;28,0;35,0;2581,0;178,0
305;Nissan;Altima S 4dr;Sedan;Asia;Front;19,2;18,0;2,5;4,0;175,0;21,0;26,0;3039,0;192,0
306;Nissan;Sentra SE-R 4dr;Sedan;Asia;Front;17,6;16,4;2,5;4,0;165,0;23,0;28,0;2761,0;178,0
307;Nissan;Altima SE 4dr;Sedan;Asia;Front;23,3;21,6;3,5;6,0;245,0;21,0;26,0;3197,0;192,0
308;Nissan;Maxima SE 4dr;Sedan;Asia;Front;27,5;25,2;3,5;6,0;265,0;20,0;28,0;3473,0;194,0
309;Nissan;Maxima SL 4dr;Sedan;Asia;Front;29,4;27,0;3,5;6,0;265,0;20,0;28,0;3476,0;194,0
310;Nissan;Quest S;Sedan;Asia;Front;24,8;23,0;3,5;6,0;240,0;19,0;26,0;4012,0;204,0
311;Nissan;Quest SE;Sedan;Asia;Front;32,8;30,0;3,5;6,0;240,0;18,0;25,0;4175,0;204,0
312;Nissan;350Z coupe 2dr;Sports;Asia;Rear;26,9;25,2;3,5;6,0;287,0;20,0;26,0;3188,0;169,0
313;Nissan;350Z Enthusiast convertible 2dr;Sports;Asia;Rear;34,4;31,8;3,5;6,0;287,0;20,0;26,0;3428,0;169,0
314;Nissan;Frontier King Cab XE V6;Truck;Asia;All;19,5;18,3;3,3;6,0;180,0;17,0;20,0;3932,0;191,0
315;Nissan;Titan King Cab XE;Truck;Asia;All;26,7;24,9;5,6;8,0;305,0;14,0;18,0;5287,0;224,0
316;Nissan;Murano SL;Wagon;Asia;Rear;28,7;27,3;3,5;6,0;245,0;20,0;25,0;3801,0;188,0
317;Oldsmobile;Alero GX 2dr;Sedan;USA;Front;18,8;17,6;2,2;4,0;140,0;24,0;32,0;2946,0;187,0
318;Oldsmobile;Alero GLS 2dr;Sedan;USA;Front;23,7;21,5;3,4;6,0;170,0;20,0;29,0;3085,0;187,0
319;Oldsmobile;Silhouette GL;Sedan;USA;Front;28,8;26,1;3,4;6,0;185,0;19,0;26,0;3948,0;201,0
320;Pontiac;Aztekt;SUV;USA;Front;21,6;19,8;3,4;6,0;185,0;19,0;26,0;3779,0;182,0
321;Pontiac;Sunfire 1SA 2dr;Sedan;USA;Front;15,5;14,4;2,2;4,0;140,0;24,0;33,0;2771,0;182,0
322;Pontiac;Grand Am GT 2dr;Sedan;USA;Front;22,5;20,6;3,4;6,0;175,0;20,0;29,0;3118,0;186,0
323;Pontiac;Grand Prix GT1 4dr;Sedan;USA;Front;22,4;20,5;3,8;6,0;200,0;20,0;30,0;3477,0;198,0
324;Pontiac;Sunfire 1SC 2dr;Sedan;USA;Front;17,7;16,4;2,2;4,0;140,0;24,0;33,0;2771,0;182,0
325;Pontiac;Grand Prix GT2 4dr;Sedan;USA;Front;24,3;22,3;3,8;6,0;200,0;20,0;30,0;3484,0;198,0
326;Pontiac;Bonneville GXP 4dr;Sedan;USA;Front;36,0;33,0;4,6;8,0;275,0;17,0;20,0;3790,0;203,0
327;Pontiac;Montana;Sedan;USA;Front;23,8;21,6;3,4;6,0;185,0;19,0;26,0;3803,0;187,0
328;Pontiac;Montana EWB;Sedan;USA;All;31,4;28,5;3,4;6,0;185,0;18,0;24,0;4431,0;201,0
329;Pontiac;GTO 2dr;Sports;USA;Rear;33,5;30,7;5,7;8,0;340,0;16,0;20,0;3725,0;190,0
330;Pontiac;Vibe;Wagon;USA;Rear;17,0;16,0;1,8;4,0;130,0;29,0;36,0;2701,0;172,0
331;Porsche;Cayenne S;SUV;Europe;All;56,7;49,9;4,5;8,0;340,0;14,0;18,0;4950,0;188,0
332;Porsche;911 Carrera convertible 2dr (coupe);Sports;Europe;Rear;79,2;69,2;3,6;6,0;315,0;18,0;26,0;3135,0;175,0
333;Porsche;911 Carrera 4S coupe 2dr (convert);Sports;Europe;All;84,2;72,2;3,6;6,0;315,0;17,0;24,0;3240,0;175,0
334;Porsche;911 Targa coupe 2dr;Sports;Europe;Rear;76,8;67,1;3,6;6,0;315,0;18,0;26,0;3119,0;175,0
335;Porsche;911 GT2 2dr;Sports;Europe;Rear;192,5;173,6;3,6;6,0;477,0;17,0;24,0;3131,0;175,0
336;Porsche;Boxster convertible 2dr;Sports;Europe;Rear;43,4;37,9;2,7;6,0;228,0;20,0;29,0;2811,0;170,0
337;Porsche;Boxster S convertible 2dr;Sports;Europe;Rear;52,4;45,8;3,2;6,0;258,0;18,0;26,0;2911,0;170,0
338;Saab;9-3 Arc Sport 4dr;Sedan;Europe;Front;30,9;29,3;2,0;4,0;210,0;20,0;28,0;3175,0;183,0
339;Saab;9-3 Aero 4dr;Sedan;Europe;Front;33,4;31,6;2,0;4,0;210,0;20,0;28,0;3175,0;183,0
340;Saab;9-5 Arc 4dr;Sedan;Europe;Front;35,1;33,0;2,3;4,0;220,0;21,0;29,0;3470,0;190,0
341;Saab;9-5 Aero 4dr;Sedan;Europe;Front;39,5;37,7;2,3;4,0;250,0;21,0;29,0;3470,0;190,0
342;Saab;9-3 Arc convertible 2dr;Sedan;Europe;Front;40,7;38,5;2,0;4,0;210,0;21,0;29,0;3480,0;182,0
343;Saab;9-3 Aero convertible 2dr;Sedan;Europe;Front;43,2;40,9;2,0;4,0;210,0;21,0;30,0;3700,0;182,0
344;Saab;9-5 Aero;Wagon;Europe;Front;40,8;38,4;2,3;4,0;250,0;19,0;29,0;3620,0;190,0
345;Saturn;VUE;SUV;USA;All;20,6;19,2;2,2;4,0;143,0;21,0;26,0;3381,0;181,0
346;Saturn;Ion1 4dr;Sedan;USA;Front;11,0;10,3;2,2;4,0;140,0;26,0;35,0;2692,0;185,0
347;Saturn;lon2 4dr;Sedan;USA;Front;14,3;13,4;2,2;4,0;140,0;26,0;35,0;2692,0;185,0
348;Saturn;lon3 4dr;Sedan;USA;Front;15,8;14,8;2,2;4,0;140,0;26,0;35,0;2692,0;185,0
349;Saturn;lon2 quad coupe 2dr;Sedan;USA;Front;14,9;13,9;2,2;4,0;140,0;26,0;35,0;2751,0;185,0
350;Saturn;lon3 quad coupe 2dr;Sedan;USA;Front;16,4;15,3;2,2;4,0;140,0;26,0;35,0;2751,0;185,0
351;Saturn;L300-2 4dr;Sedan;USA;Front;21,4;19,8;3,0;6,0;182,0;20,0;28,0;3197,0;190,0
352;Saturn;L300 2;Wagon;USA;Front;23,6;21,8;2,2;4,0;140,0;24,0;34,0;3109,0;190,0
353;Scion;xA 4dr hatch;Sedan;Asia;Front;13,0;12,3;1,5;4,0;108,0;32,0;38,0;2340,0;154,0
354;Scion;xB;Wagon;Asia;Front;14,2;13,5;1,5;4,0;108,0;31,0;35,0;2425,0;155,0
355;Subaru;Impreza 2.5 RS 4dr;Sedan;Asia;All;19,9;18,4;2,5;4,0;165,0;22,0;28,0;2965,0;174,0
356;Subaru;Legacy L 4dr;Sedan;Asia;All;20,4;18,7;2,5;4,0;165,0;21,0;28,0;3285,0;184,0
357;Subaru;Legacy GT 4dr;Sedan;Asia;All;25,6;23,3;2,5;4,0;165,0;21,0;28,0;3395,0;184,0
358;Subaru;Outback Limited Sedan 4dr;Sedan;Asia;All;27,1;24,7;2,5;4,0;165,0;20,0;27,0;3495,0;184,0
359;Subaru;Outback H6 4dr;Sedan;Asia;All;29,3;26,7;3,0;6,0;212,0;19,0;26,0;3610,0;184,0
360;Subaru;Outback H-6 VDC 4dr;Sedan;Asia;All;31,5;28,6;3,0;6,0;212,0;19,0;26,0;3630,0;184,0
361;Subaru;Impreza WRX 4dr;Sports;Asia;All;25,0;23,0;2,0;4,0;227,0;20,0;27,0;3085,0;174,0
362;Subaru;Impreza WRX STi 4dr;Sports;Asia;All;31,5;29,1;2,5;4,0;300,0;18,0;24,0;3263,0;174,0
363;Subaru;Baja;Truck;Asia;All;24,5;22,3;2,5;4,0;165,0;21,0;28,0;3485,0;193,0
364;Subaru;Forester X;Wagon;Asia;All;21,4;19,6;2,5;4,0;165,0;21,0;28,0;3090,0;175,0
365;Subaru;Outback;Wagon;Asia;All;23,9;21,8;2,5;4,0;165,0;21,0;28,0;3430,0;187,0
366;Suzuki;XL-7 EX;SUV;Asia;Front;23,7;22,3;2,7;6,0;185,0;18,0;22,0;3682,0;187,0
367;Suzuki;Vitara LX;SUV;Asia;All;17,2;16,9;2,5;6,0;165,0;19,0;22,0;3020,0;163,0
368;Suzuki;Aeno S 4dr;Sedan;Asia;Front;12,9;12,7;2,3;4,0;155,0;25,0;31,0;2676,0;171,0
369;Suzuki;Aerio LX 4dr;Sedan;Asia;Front;14,5;14,3;2,3;4,0;155,0;25,0;31,0;2676,0;171,0
370;Suzuki;Forenza S 4dr;Sedan;Asia;Front;12,3;12,1;2,0;4,0;119,0;24,0;31,0;2701,0;177,0
371;Suzuki;Forenza EX 4dr;Sedan;Asia;Front;15,6;15,4;2,0;4,0;119,0;22,0;30,0;2756,0;177,0
372;Suzuki;Verona LX 4dr;Sedan;Asia;Front;17,3;17,1;2,5;6,0;155,0;20,0;27,0;3380,0;188,0
373;Suzuki;Aerio SX;Wagon;Asia;All;16,5;16,3;2,3;4,0;155,0;24,0;29,0;2932,0;167,0
374;Toyota;Prius 4dr (gas/electric);Hybrid;Asia;Front;20,5;18,9;1,5;4,0;110,0;59,0;51,0;2890,0;175,0
375;Toyota;Sequoia SR5;SUV;Asia;All;35,7;31,8;4,7;8,0;240,0;14,0;17,0;5270,0;204,0
376;Toyota;4Runner SR5 V6;SUV;Asia;Front;27,7;24,8;4,0;6,0;245,0;18,0;21,0;4035,0;189,0
377;Toyota;Highlander V6;SUV;Asia;All;27,9;24,9;3,3;6,0;230,0;18,0;24,0;3935,0;185,0
378;Toyota;Land Cruiser;SUV;Asia;All;54,8;48,0;4,7;8,0;325,0;13,0;17,0;5390,0;193,0
379;Toyota;RAV4;SUV;Asia;All;20,3;18,6;2,4;4,0;161,0;22,0;27,0;3119,0;167,0
380;Toyota;Corolla CE 4dr;Sedan;Asia;Front;14,1;13,1;1,8;4,0;130,0;32,0;40,0;2502,0;178,0
381;Toyota;Corolla S 4dr;Sedan;Asia;Front;15,0;13,7;1,8;4,0;130,0;32,0;40,0;2524,0;178,0
382;Toyota;Corolla LE 4dr;Sedan;Asia;Front;15,3;13,9;1,8;4,0;130,0;32,0;40,0;2524,0;178,0
383;Toyota;Echo 2dr manual;Sedan;Asia;Front;10,8;10,1;1,5;4,0;108,0;35,0;43,0;2035,0;163,0
384;Toyota;Echo 2dr auto;Sedan;Asia;Front;11,6;10,9;1,5;4,0;108,0;33,0;39,0;2085,0;163,0
385;Toyota;Echo 4dr;Sedan;Asia;Front;11,3;10,6;1,5;4,0;108,0;35,0;43,0;2055,0;163,0
386;Toyota;Camry LE 4dr;Sedan;Asia;Front;19,6;17,6;2,4;4,0;157,0;24,0;33,0;3086,0;189,0
387;Toyota;Camry LE V6 4dr;Sedan;Asia;Front;22,8;20,3;3,0;6,0;210,0;21,0;29,0;3296,0;189,0
388;Toyota;Camry Solara SE 2dr;Sedan;Asia;Front;19,6;17,7;2,4;4,0;157,0;24,0;33,0;3175,0;193,0
389;Toyota;Camry Solara SE V6 2dr;Sedan;Asia;Front;22,0;19,8;3,3;6,0;225,0;20,0;29,0;3417,0;193,0
390;Toyota;Avalon XL 4dr;Sedan;Asia;Front;26,6;23,7;3,0;6,0;210,0;21,0;29,0;3417,0;192,0
391;Toyota;Camry XLE V6 4dr;Sedan;Asia;Front;25,9;23,1;3,0;6,0;210,0;21,0;29,0;3362,0;189,0
392;Toyota;Camry Solara SLE V6 2dr;Sedan;Asia;Front;26,5;23,9;3,3;6,0;225,0;20,0;29,0;3439,0;193,0
393;Toyota;Avalon XLS 4dr;Sedan;Asia;Front;30,9;27,3;3,0;6,0;210,0;21,0;29,0;3439,0;192,0
394;Toyota;Sienna CE;Sedan;Asia;Front;23,5;21,2;3,3;6,0;230,0;19,0;27,0;4120,0;200,0
395;Toyota;Sienna XLE Limited;Sedan;Asia;Front;28,8;25,7;3,3;6,0;230,0;19,0;27,0;4165,0;200,0
396;Toyota;Celica GT-S 2dr;Sports;Asia;Front;22,6;20,4;1,8;4,0;180,0;24,0;33,0;2500,0;171,0
397;Toyota;MR2 Spyder convertible 2dr;Sports;Asia;Rear;25,1;22,8;1,8;4,0;138,0;26,0;32,0;2195,0;153,0
398;Toyota;Tacoma;Truck;Asia;Rear;12,8;11,9;2,4;4,0;142,0;22,0;27,0;2750,0;191,0
399;Toyota;Tundra Regular Cab V6;Truck;Asia;Rear;16,5;15,0;3,4;6,0;190,0;16,0;18,0;3925,0;218,0
400;Toyota;Tundra Access Cab V6 SR5;Truck;Asia;All;25,9;23,5;3,4;6,0;190,0;14,0;17,0;4435,0;218,0
401;Toyota;Matrix XR;Wagon;Asia;Front;16,7;15,2;1,8;4,0;130,0;29,0;36,0;2679,0;171,0
402;Volkswagen;Touareg V6;SUV;Europe;All;35,5;32,2;3,2;6,0;220,0;15,0;20,0;5086,0;187,0
403;Volkswagen;Golf GLS 4dr;Sedan;Europe;Front;18,7;17,5;2,0;4,0;115,0;24,0;31,0;2897,0;165,0
404;Volkswagen;GTI 1.8T 2dr hatch;Sedan;Europe;Front;19,8;18,1;1,8;4,0;180,0;24,0;31,0;2934,0;168,0
405;Volkswagen;Jetta GLS TDI 4dr;Sedan;Europe;Front;21,1;19,6;1,9;4,0;100,0;38,0;46,0;3003,0;172,0
406;Volkswagen;New Beetle GLS 1.8T 2dr;Sedan;Europe;Front;21,1;19,6;1,8;4,0;150,0;24,0;31,0;2820,0;161,0
407;Volkswagen;Jetta GLI VR6 4dr;Sedan;Europe;Front;23,8;21,7;2,8;6,0;200,0;21,0;30,0;3179,0;172,0
408;Volkswagen;New Beetle GLS convertible 2dr;Sedan;Europe;Front;23,2;21,7;2,0;4,0;115,0;24,0;30,0;3082,0;161,0
409;Volkswagen;Passat GLS 4dr;Sedan;Europe;Front;24,0;21,9;1,8;4,0;170,0;22,0;31,0;3241,0;185,0
410;Volkswagen;Passat GLX V6 4MOTION 4dr;Sedan;Europe;Front;33,2;30,6;2,8;6,0;190,0;19,0;26,0;3721,0;185,0
411;Volkswagen;Passat W8 4MOTION 4dr;Sedan;Europe;Front;39,2;36,1;4,0;8,0;270,0;18,0;25,0;3953,0;185,0
412;Volkswagen;Phaeton 4dr;Sedan;Europe;Front;65,0;59,9;4,2;8,0;335,0;16,0;22,0;5194,0;204,0
413;Volkswagen;Phaeton W12 4dr;Sedan;Europe;Front;75,0;69,1;6,0;12,0;420,0;12,0;19,0;5399,0;204,0
414;Volkswagen;Jetta GL;Wagon;Europe;Front;19,0;17,4;2,0;4,0;115,0;24,0;30,0;3034,0;174,0
415;Volkswagen;Passat GLS 1.8T;Wagon;Europe;Front;25,0;22,8;1,8;4,0;170,0;22,0;31,0;3338,0;184,0
416;Volkswagen;Passat W8;Wagon;Europe;Front;40,2;37,0;4,0;8,0;270,0;18,0;25,0;4067,0;184,0
417;Volvo;XC90 T6;SUV;Europe;All;41,3;38,9;2,9;6,0;268,0;15,0;20,0;4638,0;189,0
418;Volvo;S40 4dr;Sedan;Europe;Front;25,1;23,7;1,9;4,0;170,0;22,0;29,0;2767,0;178,0
419;Volvo;S60 2.5 4dr;Sedan;Europe;All;31,7;29,9;2,5;5,0;208,0;20,0;27,0;3903,0;180,0
420;Volvo;S60 T5 4dr;Sedan;Europe;Front;34,8;32,9;2,3;5,0;247,0;20,0;28,0;3766,0;180,0
421;Volvo;S60 R 4dr;Sedan;Europe;All;37,6;35,4;2,5;5,0;300,0;18,0;25,0;3571,0;181,0
422;Volvo;S80 2.9 4dr;Sedan;Europe;Front;37,7;35,5;2,9;6,0;208,0;20,0;28,0;3576,0;190,0
423;Volvo;S80 2.5T 4dr;Sedan;Europe;All;37,9;35,7;2,5;5,0;194,0;20,0;27,0;3691,0;190,0
424;Volvo;C70 LPT convertible 2dr;Sedan;Europe;Front;40,6;38,2;2,4;5,0;197,0;21,0;28,0;3450,0;186,0
425;Volvo;C70 HPT convertible 2dr;Sedan;Europe;Front;42,6;40,1;2,3;5,0;242,0;20,0;26,0;3450,0;186,0
426;Volvo;S80 T6 4dr;Sedan;Europe;Front;45,2;42,6;2,9;6,0;268,0;19,0;26,0;3653,0;190,0
427;Volvo;V40;Wagon;Europe;Front;26,1;24,6;1,9;4,0;170,0;22,0;29,0;2822,0;180,0
428;Volvo;XC70;Wagon;Europe;All;35,1;33,1;2,5;5,0;208,0;20,0;27,0;3823,0;186,0
